latin_name,common_name,korean_name,HANJA,chinese_name,pinyin,JAPANESE,KANJI
Abelmoschi Corolla,,황촉규화,黃蜀葵花,黄蜀葵花,Huangshukuihua,,
Abri Herba,,계골초,鷄骨草,鸡骨草,Jigucao,,
Abutili Semen,,경마자,苘麻子,苘麻子,Qingmazi,,
Acanthopanacis Cortex,Acanthopanax Root Bark,오가피,五加皮,五加皮,Wujiapi,,
Acanthopanacis Senticosi Radix Et Rhizoma,,자오가,刺五加,刺五加,Ciwujia,シゴカ,刺五加
Achilleae Herba,,시초,蓍草,蓍草,Shicao,,
Achyranthis Radix,Achyranthes Root,우슬,牛膝,牛膝,Niuxi,ゴシツ,牛膝
Aconiti Ciliare Tuber Preparata,,초오제,草烏製,制草乌,Zhicaowu,,
Aconiti Koreani Tuber,,백부자,白附子,白附子 关白附,Baifuzi,,
Aconiti Kusnezoffii Tuber,Korean Aconite Root,초오,草烏,草乌,Caowu,,
Aconiti Lateralis Radix Preparata,Prepared Aconite,부자,附子,附子,Fuzi,ブシ,附子
Aconiti Radix Cocta,,제천오,制川烏,制川乌,Zhichuanwu,,
Aconiti Tuber,Aconite,천오,川烏,川乌,Chuanwu,,
Acori Calami Rhizoma,,장창포,藏菖蒲,藏菖蒲,Zangchangpu,,
Acori Graminei Rhizoma,,석창포,石菖蒲,石菖蒲,Shichangpu,セキショウコン,石菖根
Actinidiae Fructus,,목천료,木天蓼,,,,
Adenophorae Radix,,사삼,沙參,南沙参,Nanshashen,シャジン,沙参
Aesculi Semen,,사라자,娑羅子,娑罗子,Suoluozi,,
Agastachis Herba,,곽향,藿香,藿香,,,
Agrimoniae Herba,,용아초,龍牙草,仙鹤草,Xianhecao,,
Ailanthi Radicis Cortex,,저백피,樗白皮,椿皮,Chunpi,,
Ajugae Herba,,근골초,筋骨草,筋骨草,Jingucao,,
Akebiae Caulis,Akebia Stem,목통,木通,木通,Mutong,モクツウ,木通
Akebiae Fructus,,예지자,預知子,预知子,Yuzhizi,,
Albiziae Flos,,합환화,合歡花,合欢花,Hehuanhua,,
Albizziae Cortex,,합환피,合歡皮,合欢皮,Hehuanpi,,
Alismatis Rhizoma,Alisma Rhizome,택사,澤瀉,泽泻,Zexie,タクシャ,沢瀉
Allii Bulbus,Garlic,대산,大蒜,大蒜,Dasuan,,
Allii Fistulosi Bulbus,"Ciboule Root, Fistular onion stalk",총백,葱白,,,,
Allii Macrostemi Bulbus,,해백,薤白,薤白,Xiebai,ガイハク,薤白
Allii Tuberosi Semen,,구자,韮子,韭菜子,Jiucaizi,,
Aloe,Aloe,노회,蘆薈,芦荟,Luhui,アロエ,
Alpiniae Japonica Rhizoma,,산강,山薑,山姜,,,
Alpiniae Katsumadai Semen,Alpina Katsumadai Seed,초두구,草豆蔲,草豆蔻,Caodoukou,ソウズク,"草豆䓻, 草豆蔲"
Alpiniae Officinari Rhizoma,Alpinia Officinarum Rhizome,고량강,高良薑,高良姜,Gaoliangjiang,リョウキョウ,良姜
Alpiniae Oxyphyllae Fructus,Bitter Cardamon,익지,益智,益智,Yizhi,ヤクチ,益智
Althaeae Flos,Althaea flower,촉규화,蜀葵花,,,,
Amomi Fructus,Amomum Fruit,사인,砂仁,砂仁,Sharen,シュクシャ,縮砂
Amomi Fructus Rotundus,Round Amomum Fruit,백두구,白豆蔲,豆蔻,Doukou,,
Amomi Tsao-Ko Fructus,Amomum Tsao-ko Fruit,초과,草果,草果,Caoguo,,
Ampelopsis Radix,,백렴,白蘞,白蔹,Bailian,,
Andrographis Herba,,천심련,穿心蓮,穿心莲,Chuanxinlian,,
Anemarrhenae Rhizoma,Anemarrhena Rhizome,지모,知母,知母,Zhimu,チモ,知母
Anemones Raddeanae Rhizoma,,양두첨,兩頭尖,两头尖,Liangtoujian,,
Anethi Fructus,,시라자,蒔蘿子,,,,
Angelicae Acutilobae Radix,Angelica Root,일당귀,日當歸,,,トウキ,当帰
Angelicae Dahuricae Radix,Angelica Dahurica Root,백지,白芷,白芷,Baizhi,ビャクシ,白芷
Angelicae Gigantis Radix,Angelica Gigas Root,당귀,當歸,当归,Danggui,,
Apocyni Veneti Folium,,나포마엽,羅布麻葉,罗布麻叶,Luobumaye,,
Aquilariae Lignum,Aloe wood,침향,沈香,沉香,Chenxiang,ジンコウ,沈香
Arachidis Testa,,화생의,花生衣,花生衣,,,
Araliae Continentalis Radix,Aralia Continentalis Root,독활,獨活,独活,Duhuo,ドクカツ,独活
Arctii Fructus,Arctium Fruit,우방자,牛蒡子,牛蒡子,Niubangzi,ゴボウシ,牛蒡子
Arctii Herba,,우방초,牛蒡草,鲜牛蒡草,Xianniubangcao,,
Arctii Radix,,우방근,牛蒡根,,,,
Ardisiae Crenatae Radix,,주사근,朱砂根,朱砂根,Zhushagen,,
Ardisiae Japonicae Herba,,왜지차,矮地茶,矮地茶,Aidicha,,
Arecae Pericarpium,Areca Peel,대복피,大腹皮,大腹皮,Dafupi,ダイフクヒ,大腹皮
Arecae Semen,,빈랑자,檳榔子,槟榔,Binglang,ビンロウジ,檳榔子
Arecae Semen Tostum,,초빈랑,焦檳榔,焦槟榔,Jiaobinglang,,
Arisaema Cum Bile,,담남성,膽南星,胆南星,Dannanxing,,
Arisaematis Rhizoma,Arisaema Rhizome,천남성,天南星,天南星,Tiannanxing,テンナンショウ,天南星
Aristolochiae Fructus,,마두령,馬兜鈴,马兜铃,Madouling,,
Aristolochiae Herba,,천선등,天仙藤,天仙藤,Tianxianteng,,
Armeniacae Semen,Apricot Kernel,행인,杏仁,苦杏仁,Kuxingren,キョウニン,杏仁
Artemisiae Annuae Herba,,청호,靑蒿,青蒿,Qinghao,,
Artemisiae Anomalae Herba,,유기노,劉寄奴,刘寄奴,,,
Artemisiae Argyi Folium,,애엽,艾葉,艾叶,Aiye,ガイヨウ,艾葉
Artemisiae Capillaris Herba,,인진호,茵蔯蒿,茵陈,Yinchen,インチンコウ,茵陳蒿
Artemisiae Iwayomogii Herba,,한인진,韓茵蔯,,,,
Asiasari Radix Et Rhizoma,Asiasarum Root and Rhizome,세신,細辛,细辛,Xixin,サイシン,細辛
Asparagi Tuber,Asparagus Tuber,천문동,天門冬,天冬,Tiandong,テンモンドウ,天門冬
Aspongopus,,구향충,九香蟲,九香虫,Jiuxiangchong,,
Asteris Radix Et Rhizoma,Aster Root and Rhizome,자완,紫菀,紫菀,Ziwan,シオン,紫菀
Astragali Complanati Semen,,사원자,沙苑子,沙苑子,Shayuanzi,,
Astragali Radix,Astragalus Root,황기,黃芪,黄芪,Huangqi,オウギ,黄耆
Atractylodis Rhizoma,Atractylodes Rhizome,창출,蒼朮,苍术,Cangzhu,ソウジュツ,蒼朮
Atractylodis Rhizoma Alba,Atractylodes Rhizome White,백출,白朮,白术,Baizhu,ビャクジュツ,白朮
Aucklandiae Radix,,목향,木香,木香,Muxiang,モッコウ,木香
Aurantii Fructus Immaturus,,지각,枳殼,枳壳,Zhiqiao,,
Aurantii Pericarpium,,등피,橙皮,,,トウヒ,橙皮
Baphicacanthis Cusiae Rhizoma Et Radix,,남판람근,南板藍根,南板蓝根,Nanbanlangen,,
Batryticatus Bombyx,,백강잠,白殭蠶,僵蚕,Jiangcan,ビャッキョウサン,"白殭蚕, 白彊蚕, 白姜蚕, 白僵蚕"
Belamcandae Rhizoma,,사간,射干,射干,Shegan,,
Belladonnae Herba,,전가초,顚茄草,颠茄草,Dianqiecao,,
Belladonnae Radix,Belladonna Root,전가근,顚茄根,,,ベラドンナコン,ベラドンナ根
Benincasae Semen,,동과자,冬瓜子,冬瓜子,,トウガシ,冬瓜子
Benzoinum,Benzoin,안식향,安息香,安息香,Anxixiang,アンソッコウ,安息香
Berberidis Radix,,삼과침,三棵針,三颗针,Sankezhen,,
Betulae Cortex,,화피,樺皮,,,,
Bistortae Rhizoma,,권삼,拳參,拳参,Quanshen,,
Bletillae Rhizoma,,백급,白芨,白及,Baiji,,
Boehmeriae Radix,,저마근,苧麻根,苎麻根,,,
Bolbostemmatis Rhizoma,,토패모,土貝母,土贝母,Tubeimu,,
Bombina,,영와,鈴蛙,,,,
Bombycis Faeces,,잠사,蠶沙,蚕沙,,,
Bomeolum,Borneol,용뇌,龍腦,冰片 天然冰片,Bingpian Tianranbingpian,,
Bovis Calculus,Cattle Gallstone,우황,牛黃,牛黄,Niuhuang,ゴオウ,牛黄
Bovis Calculus Artifactus,,인공우황,人工牛黃,人工牛黄,Rengong Niuhuang,,
Bovis Calculus Sativus,,체외배육우황,體外培育牛黃,体外培育牛黄,Tiwai Peiyu Niuhuang,,
Bovis Fel,,우담,牛膽,牛胆汁,,,
Brassicae Campestris Semen,,운대자,蕓薹子,,,,
Brassicae Semen,Mustard seed,개자,芥子,芥子,Jiezi,,
Breeae Herba,,소계,小薊,小蓟,Xiaoji,,
Broussonetiae Fructus,,저실자,楮實子,楮实子,Chushizi,,
Bruceae Fructus,,아담자,鴉膽子,鸦胆子,Yadanzi,,
Bubali Cornu,,수우각,水牛角,水牛角,Shuiniujiao,,
Buddlejae Flos,,밀몽화,密蒙花,密蒙花,Mimenghua,,
Bufonis Cutis,,섬피,蟾皮,蟾皮,,,
Bufonis Venenum,Toad Venom,섬수,蟾酥,蟾酥,Chansu,センソ,蟾酥
Bupleuri Radix,Bupleurum Root,시호,柴胡,柴胡,Chaihu,サイコ,柴胡
Callicarpae Caulis Et Folium,,광동자주,廣東紫珠,广东紫珠,Guangdongzizhu,,
Callicarpae Macrophyllae Folium,,대엽자주,大葉紫珠,大叶紫珠,Dayezizhu,,
Camelliae Sinensis Folium,Green Tea Leaf,차엽,茶葉,茶叶,,チャヨウ,茶葉
Camphorum,,장뇌,樟腦,樟脑,,,
Camphorum Oil,,장유,樟油,樟油,,,
Campsitis Flos,,능소화,凌霄花,凌霄花,Lingxiaohua,,
Canarii Fructus,,청과,靑果,青果,Qingguo,,
Canavaliae Semen,,도두,刀豆,刀豆,Daodou,,
Cannabis Semen,,마인,麻仁,火麻仁,Huomaren,マシニン,麻子仁
Cantharides,,반묘,斑猫,斑蝥,Banmao,,
Capsici Fructus,Capsicum,고추,苦椒,辣椒,Lajiao,トウガラシ,
Caraganae Radix,,골담초근,骨膽草根,,,,
Cardamomi Fructus,Cardamon,소두구,小豆蔲,,,ショウズク,小豆䓻
Carotae Fructus,,남학슬,南鶴虱,南鹤虱,Nanheshi,,
Carpesii Fructus,,학슬,鶴虱,鹤虱,Heshi,,
Carthami Flos,Safflower,홍화,紅花,红花,Honghua,コウカ,紅花
Caryophylli Fructus,,모정향,母丁香,母丁香,Mudingxiang,,
Cassiae Cortex Interior,,계심,桂心,,,,
Cassiae Semen,Cassia Seed,결명자,決明子,决明子,Juemingzi,ケツメイシ,決明子
Castaneae Semen,,건율,乾栗,,,,
Catechu,,아차,兒茶,儿茶,Ercha,,
Celosiae Cristatae Flos,,계관화,鷄冠花,鸡冠花,Jiguanhua,,
Celosiae Semen,,청상자,靑葙子,青葙子,Qingxiangzi,,
Centellae Herba,,적설초,積雪草,积雪草,Jixuecao,,
Centipedae Herba,,아불식초,鵝不食草,鹅不食草,Ebushicao,,
Cera Flava,,봉랍,蜂蠟,蜂蜡,Fengla,ミツロウ,
Cervi Parvum Cornu,,녹용,鹿茸,鹿茸,Lurong,,
Chaenomelis Fructus,,모과,木瓜,木瓜,Mugua,モッカ,木瓜
Changii Radix,,명당삼,明黨參,明党参,Mingdangshen,,
Chebulae Fructus Immaturus,,서청과,西青果,西青果,Xiqingguo,,
Chelidonii Herba,,백굴채,白屈菜,白屈菜,Baiqucai,,
Choerospondiatis Fructus,,광조,廣棗,广枣,Guangzao,,
Chrysanthemi Indici Flos,Chrysanthemum Flower,감국,甘菊,野菊花,Yejuhua,,
Chrysanthemi Zawadskii Herba,,구절초,九折草,,,,
Chrysanthmi Flos,Chrysanthemum Flower,국화,菊花,菊花,Juhua,キクカ,菊花
Cibotii Rhizoma,Cibot Rhizome,구척,狗脊,狗脊,Gouji,,
Cicadidae Periostracum,,선퇴,蟬退,蝉蜕,Chantui,センタイ,蟬退
Cichorii Radix,,국거,菊苣,菊苣,Juju,,
Cimicifugae Rhizoma,Cimicifuga Rhizome,승마,升麻,升麻,Shengma,ショウマ,升麻
Cinnamomi Cortex,Cinnamon Bark,육계,肉桂,肉桂,Rougui,ケイヒ,桂皮
Cinnamomi Ramulus,,계지,桂枝,桂枝,Guizhi,ケイシ,桂枝
Cinnamon Oil,Oleum Cinnamomi,육계유,肉桂油,,,ケイヒ油,桂皮油
Cirsii Herba,,대계,大薊,大蓟,Daji,,
Cissampelotis Herba,,아호노,亞乎奴,亚乎奴,Yahunu,,
Cistanchis Herba,,육종용,肉蓯蓉,肉苁蓉,Roucongrong,ニクジュヨウ,肉蓯蓉
Citri Exocarpium Rubrum,,귤홍,橘紅,橘红,Juhong,,
Citri Fructus,,향연,香櫞,香橼,Xiangyuan,,
Citri Grandis Exocarpium,,화귤홍,化橘紅,化橘红,Huajuhong,,
Citri Sarcodactylis Fructus,,불수,佛手,佛手,Foshou,,
Citri Semen,,귤핵,橘核,橘核,Juhe,,
Citri Unshius Pericarpium,Citrus Unshiu Peel,진피,陳皮,陈皮,Chenpi,チンピ,陳皮
Citri Unshius Pericarpium Immaturus,Citrii Unshiu Immature Peel,청피,靑皮,青皮,Qingpi,セイヒ,青皮
Clematidis Armandii Caulis,,천목통,川木通,川木通,Chuanmutong,,
Clematidis Radix,,위령선,威靈仙,威灵仙,Weilingxian,イレイセン,威霊仙
Clinopodii Herba,,단혈류,斷血流,断血流,Duanxueliu,,
Clove Oil,,정향유,丁香油,,,チョウジ油,丁子油
Cnidi Fructus,,사상자,蛇床子,蛇床子,Shechuangzi,ジャショウシ,蛇床子
Cnidii Rhizoma,Cnidium Rhizome,천궁,川芎,川芎,Chuanxiong,センキュウ,川芎
Codonopsis Pilosulae Radix,Codonopsis Pilosula Root,당삼,黨參,党参,Dangshen,トウジン,党参
Coicis Semen,Coix Seed,의이인,薏苡仁,薏苡仁,Yiyiren,ヨクイニン,薏苡仁
Commelinae Herba,,압척초,鴨跖草,鸭跖草,Yazhicao,,
Condurango Cortex,Condurango,콘두란고,,,,コンズランゴ,
Conyzae Herba,,금용담초,金龍膽草,金龙胆草,Jinlongdancao,,
Coptidis Rhizoma,Coptis Rhizome,황련,黃連,黄连,Huanglian,オウレン,黄連
Coptidis Rhizoma Preparata Cum Vinum,,황련주자,黃連酒炙,,,,
Cordyceps,,동충하초,冬蟲夏草,冬虫夏草,Dongchongxiacao,,
Coriolus,,운지,雲芝,云芝,Yunzhi,,
Corni Fructus,Cornus Fruit,산수유,山茱萸,山茱萸,Shanzhuyu,サンシュユ,山茱萸
Corydalis Bungeanae Herba,,고지정,苦地丁,苦地丁,Kudiding,,
Corydalis Decumbentis Rhizoma,,하천무,夏天無,夏天无,Xiatianwu,,
Corydalis Tuber,Corydalis Tuber,현호색,玄胡索,延胡索,Yanhusuo,エンゴサク,延胡索
Crataegi Folium,,산사엽,山楂葉,山楂叶,Shanzhaye,,
Crataegi Fructus,Hawthorn Fruit,산사,山楂,山楂,Shanzha,サンザシ,山査子
Cremastrae Tuber,,산자고,山慈姑,山慈菇,Shancigu,,
Crocus,Saffron,번홍화,番紅花,西红花,Xihonghua,サフラン,
Crotonis Semen,Croton Seed,파두,巴豆,巴豆,Badou,,
Cubebae Fructus,,필징가,蓽澄茄,荜澄茄,Bichengqie,,
Curculiginis Rhizoma,,선모,仙茅,仙茅,Xianmao,,
Curcumae Longae Rhizoma,Curcuma Longa Rhizome,강황,薑黃,姜黄,Jianghuang,ウコン,鬱金
Curcumae Radix,Curcuma Root,울금,鬱金,郁金,Yujin,,
Curcumae Rhizoma,Zedoary,아출,莪朮,莪术 片姜黄,Ezhu Pianjianghuang,ガジュツ,莪蒁
Cuscutae Semen,,토사자,菟絲子,菟丝子,Tusizi,,
Cyathulae Radix,,천우슬,川牛膝,川牛膝,Chuanniuxi,,
Cynanchi Atrati Radix Et Rhizoma,,백미,白薇,白薇,Baiwei,,
Cynanchi Paniculati Radix Et Rhizoma,,서장경,徐長卿,徐长卿,Xuchangqing,,
Cynanchi Stauntonii Rhizoma,,백전,白前,白前,Baiqian,,
Cynanchi Wilfordii Radix,,백수오,白首烏,,,,
Cynomorii Herba,Cynomorium Herb,쇄양,鎖陽,锁阳,Suoyang,,
Cyperi Rhizoma,Cyperus Rhizome,향부자,香附子,香附,Xiangfu,コウブシ,香附子
Dalbergiae Odoriferae Lignum,,강향,降香,降香,Jiangxiang,,
Daturae Flos,,양금화,洋金花,洋金花,Yangjinhua,,
Daturae Folium,,만타라엽,曼陀羅葉,,,,
Dendrobii Caulis,,석곡,石斛,石斛,Shihu,,
Dendrobii Officinalis Caulis,,철피석곡,鐵皮石斛,铁皮石斛,Tiepishihu,,
Desmodii Herba,,광금전초,廣金錢草,广金钱草,Guangjinqiancao,,
Dianthi Herba,,구맥,瞿麥,瞿麦,Qumai,,
Dichroae Radix,,상산,常山,常山,Changshan,,
Dictamni Radicis Cortex,Dictamnus Root Bark,백선피,白鮮皮,白鲜皮,Baixianpi,,
Digitalis Folium,Digitalis Leaf,양지황,洋地黃,,,,
Dioscorea Bulbifera Rhizoma,,황약자,黃藥子,黄药子,,,
Dioscorea Panthaicae Rhizoma,,황산약,黃山藥,黄山药,Huangshanyao,,
Dioscoreae Hypoglaucae Rhizoma,,분비해,粉萆薢,粉萆薢,Fenbixie,,
Dioscoreae Nipponicae Rhizoma,,천산룡,穿山龍,穿山龙,Chuanshanlong,,
Dioscoreae Rhizoma,Dioscorea Rhizome,산약,山藥,山药,Shanyao,サンヤク,山薬
Dioscoreae Spongiosae Rhizoma,,면비해,綿萆薢,绵萆薢,Mianbixie,,
Dipsaci Radix,,속단,續斷,续断,Xuduan,,
Dolichoris Semen,Dolichos Seed,백편두,白扁豆,白扁豆,Baibiandou,ヘンズ,扁豆
Draconis Sanguis,,혈갈,血竭,血竭,Xuejie,,
Drynariae Rhizoma,Drynaria Rhizome,골쇄보,骨碎補,骨碎补,Gusuibu,,
Dryopteridis Crassirhizomatis Rhizoma,,관중,貫衆,绵马贯众,Mianmaguanzhong,,
Echinopsis Radix,,우주누로,禹州漏蘆,禹州漏芦,Yuzhouloulu,,
Ecliptae Herba,,한련초,旱蓮草,墨旱莲,Mohanlian,,
Elsholtziae Herba,,향유,香薷,香薷,Xiangru,,
Entadae Semen,,합등자,榼藤子,榼藤子,Ketengzi,,
Ephedrae Herba,Ephedra Herb,마황,麻黃,麻黄,Mahuang,マオウ,麻黄
Ephedrae Radix,,마황근,麻黃根,麻黄根,Mahuanggen,,
Epimedii Herba,Epimedium Herb,음양곽,淫羊藿,淫羊藿 巫山淫羊藿,Yinyanghuo Wushan Yinyanghuo,インヨウカク,淫羊藿
Equiseti Herba,,목적,木賊,木贼,Muzei,,
Erigerontis Herba,,등잔세신,燈盞細辛,灯盏细辛,Dengzhanxixin,,
Eriobotryae Folium,Eriobotrya Leaf,비파엽,枇杷葉,枇杷叶,Pipaye,ビワヨウ,枇杷葉
Eriocauli Flos,,곡정초,穀精草,谷精草,Gujingcao,,
Erycibae Caulis,,정공등,丁公藤,丁公藤,Dinggongteng,,
Eucommiae Cortex,Eucommia Bark,두충,杜仲,杜仲,Duzhong,トチュウ,杜仲
Eucommiae Cortex Carbonisatum,,두충초탄,杜仲炒炭,,,,
Eucommiae Cortex Preparata Cum Sal,,두충염자,杜仲鹽炙,,,,
Eucommiae Folium,,두충엽,杜仲葉,杜仲叶,Duzhongye,,
Euonymi Ramuli Suberalatum,,귀전우,鬼箭羽,鬼箭羽,,,
Eupatorii Lindleyani Herba,,야마추,野馬追,野马追,Yemazhui,,
Euphorbiae Fischerianae Radix,,낭독,狼毒,狼毒,Langdu,,
Euphorbiae Hirtae Herba,,비양초,飛揚草,飞扬草,Feiyangcao,,
Euphorbiae Humifusae Herba,,지금초,地錦草,地锦草,Dijincao,,
Euphorbiae Kansui Radix,,감수,甘遂,甘遂,Gansui,,
Euphorbiae Lathyridis Semen,Caper-Spurge,속수자,續隨子,千金子,Qianjinzi,,
Euphorbiae Pekinensis Radix,,대극,大戟,京大戟,Jingdaji,,
Eupolyphaga,,자충,蟅蟲,土鳖虫,Tubiechong,,
Euryales Semen,Euryale Seed,검인,芡仁,芡实,Qianshi,,
Evodiae Fructus,Evodia Fruit,오수유,吳茱萸,吴茱萸,Wuzhuyu,ゴシュユ,呉茱萸
Fagopyri Dibotryis Rhizoma,,금교맥,金蕎麥,金荞麦,Jinqiaomai,,
Farfarae Flos,Farfarae Flower,관동화,款冬花,款冬花,Kuandonghua,,
Ferulae Resina,,아위,阿魏,阿魏,Awei,,
Fibraureae Caulis,,황등,黃藤,黄藤,Huangteng,,
Foeniculi Fructus,Fennel,회향,茴香,小茴香,Xiaohuixiang,ウイキョウ,茴香
Forsythiae Fructus,Forsythia Fruit,연교,連翹,连翘,Lianqiao,レンギョウ,連翹
Fossilia Ossis Mastodi,Longgu,용골,龍骨,龙骨,,リュウコツ,竜骨
Fraxini Cortex,,진피,秦皮,秦皮,Qinpi,,
Fritillariae Cirrhosae Bulbus,Fritillaria Bulb,천패모,川貝母,川贝母,Chuanbeimu,,
Fritillariae Hupehensis Bulbus,,호북패모,湖北貝母,湖北贝母,Hubeibeimu,,
Fritillariae Pallidiflorae Bulbus,,이패모,伊貝母,伊贝母,Yibeimu,,
Fritillariae Thunbergii Bulbus,Fritillaria Thunbergii Bulb,절패모,浙貝母,浙贝母,Zhebeimu,,
Fritillariae Ussuriensis Bulbus,,평패모,平貝母,平贝母,Pingbeimu,,
Galangae Fructus,,홍두구,紅豆蔲,红豆蔻,Hongdoukou,,
Galla Rhois,Rhus Galls,오배자,五倍子,五倍子,Wubeizi,,
Gambir,Gambir,아선약,阿仙藥,,,アセンヤク,阿仙薬
Ganoderma,,영지,靈芝,灵芝,Lingzhi,,
Garciniae Resina,,등황,藤黃,,,,
Gardeniae Fructus,Gardenia Fruit,치자,梔子,栀子,Zhizi,サンシシ,山梔子
Gardeniae Fructus Praeparatus,,초치자,焦梔子,焦栀子,Jiaozhizi,,
Gastrodiae Rhizoma,Gastrodia Rhizome,천마,天麻,天麻,Tianma,テンマ,天麻
Gei Herba,,남포정,藍布正,蓝布正,Lanbuzheng,,
Gendarussae Herba,,소박골,小駁骨,小驳骨,Xiaobogu,,
Genkwae Flos,,원화,芫花,芫花,Yuanhua,,
Gentianae Luteae Radix Et Rhizoma,Gentian,겐티아나,,,,ゲンチアナ,
Gentianae Macrophyllae Radix,,진교,秦艽,秦艽,Qinjiao,ジンギョウ,秦艽
Gentianae Scabrae Radix Et Rhizoma,Gentian Root and Rhizome,용담,龍膽,龙胆,Longdan,リュウタン,竜胆
Geranii Herba,Geranium Herb,현초,玄草,老鹳草,Laoguancao,ゲンノショウコ,
Ginkgo Folium,Ginkgo Leaf,은행엽,銀杏葉,银杏叶,Yinxingye,,
Ginkgonis Semen,,백과,白果,白果,Baiguo,,
Ginseng Folium,,인삼엽,人參葉,人参叶,Renshenye,,
Ginseng Radix,Ginseng,인삼,人蔘,人参,Renshen,ニンジン,人参
Ginseng Radix Rubra,Red Ginseng,홍삼,紅蔘,红参,Hongshen,コウジン,紅参
Glechomae Herba,,연전초,連錢草,连钱草,Lianqiancao,,
Gleditsiae Fructus,,조협,皂莢,猪牙皂 大皂角,Zhuyazao Dazaojiao,,
Gleditsiae Spina,Gleditsia Spine,조각자,皂角刺,皂角刺,Zaojiaoci,,
Glehniae Radix,,해방풍,海防風,北沙参,Beishashen,ハマボウフウ,浜防風
Glycine Semen Germinatum,,대두황권,大豆黃卷,大豆黄卷,Dadouhuangjuan,,
Glycine Semen Nigra,,흑두,黑豆,黑豆,Heidou,,
Glycine Semen Preparata,,두시,豆豉,淡豆豉,Dandouchi,,
Glycyrrhizae Radix Preparata,,감초초,甘草炒,,,シャカンゾウ,炙甘草
Glycyrrhizae Radix Preparata Cum Mel,,감초밀자,甘草蜜炙,炙甘草,Zhigancao,,
Glycyrrhizae Radix Et Rhizoma,Licorice,감초,甘草,甘草,Gancao,カンゾウ,甘草
Granati Cortex,Granate Bark,석류피,石榴皮,石榴皮,Shiliupi,,
Granati Fructus,,석류,石榴,石榴子,,,
Harpagophyti Radix,,천수근,天授根,,,,
Hedysari Radix,,홍기,紅芪,红芪,Hongqi,シンギ,晋耆
Helwingiae Medulla,,소통초,小通草,小通草,Xiaotongcao,,
Hemerocallidis Radix Et Rhizoma,,훤초근,萱草根,,,,
Hibisci Cortex,Hybiscus Bark,목근피,木槿皮,,,,
Hippocampus,,해마,海馬,海马,Haima,,
Hippophae Fructus,,사극,沙棘,沙棘,Shaji,,
Hirudo,,수질,水蛭,水蛭,Shuizhi,,
Holotrichia,,제조,蠐螬,蛴螬,,,
Homalomenae Rhizoma,,천년건,千年健,千年健,Qiannianjian,,
Hordei Fructus Germinatus,,맥아,麥芽,麦芽,Maiya,バクガ,麥芽
Houttuyniae Herba,,어성초,魚腥草,鱼腥草,Yuxingcao,ジュウヤク,十薬
Hoveniae Semen Seu Fructus,,지구자,枳椇子,,,,
Humuli Herba,,율초,葎草,葎草,,,
Humuli Strobilus,Hops,호프,忽布,,,ホップ,
Hydnocarpi Semen,,대풍자,大風子,大风子仁,,,
Hydrangeae Dulcis Folium,Sweet Hydrangea Leaf,감차,甘茶,,,アマチャ,甘茶
Hylotelephii Herba,,경천,景天,,,,
Hyoscyami Semen,,천선자,天仙子,天仙子,Tianxianzi,,
Hyperici Perforati Herba,St John's wort,관엽금사도,貫葉金絲桃,贯叶金丝桃,Guanyejinsitao,,
Ilicis Chinensis Folium,,사계청,四季青,四季青,Sijiqing,,
Ilicis Cornutae Folium,,구골엽,枸骨葉,枸骨叶,Gouguye,,
Ilicis Rotundae Cortex,,구필응,救必應,救必应,Jiubiying,,
Illici Veri Fructus,Star Anis Fruit,팔각회향,八角茴香,八角茴香,Bajiaohuixiang,,
Illicii Cortex,,지풍피,地楓皮,地枫皮,Difengpi,,
Impatientis Caulis,,봉선투골초,鳳仙透骨草,鲜凤仙透骨草,,,
Impatientis Semen,,급성자,急性子,急性子,Jixingzi,,
Imperatae Rhizoma,Imperata Rhizome,모근,茅根,白茅根,Baimaogen,ボウコン,茅根
Indigo Pulverata Levis,Indigo,청대,靑黛,青黛,Qingdai,,
Inulae Flos,,선복화,旋覆花,旋覆花,Xuanfuhua,,
Inulae Heleni Radix,,토목향,土木香,土木香,Tumuxiang,,
Inulae Herba,,금비초,金沸草,金沸草,Jinfeicao,,
Ipecacuanhae Radix Et Rhizoma,Ipecac,토근,吐根,,,トコン,吐根
Iridis Tectori Rhizoma,,천사간,川射干,川射干,Chuanshegan,,
Isatidis Folium,,대청엽,大靑葉,大青叶 蓼大青叶,Daqingye Liaodaqingye,,
Isatidis Radix,,판람근,板藍根,板蓝根,Banlangen,,
Juglandis Semen,,호도,胡桃,核桃仁,Hetaoren,,
Junci Medulla,Juncus Medulla,등심초,燈心草,灯心草,Dengxincao,トウシンソウ,"灯心草, 燈心草"
Kadsurae Caulis,,전계혈등,滇雞血藤,滇鸡血藤,Dianjixueteng,,
Kaempferiae Rhizoma,,산내,山柰,山柰,Shannai,,
Kaki Calyx,,시체,柿蒂,柿蒂,Shidi,シテイ,柿蒂
Kalopanacis Cortex,Kalopanax Bark,해동피,海桐皮,海桐皮,,,
Knoxiae Radix,,홍대극,紅大戟,红大戟,Hongdaji,,
Kochiae Fructus,Kochia Fruit,지부자,地膚子,地肤子,Difuzi,,
L-Borneolum,,애편,艾片,艾片,Aipian,,
Lacca Rhois Exsiccata,,건칠,乾漆,干漆,Ganqi,,
Laggerae Herba,,취령단초,臭靈丹草,臭灵丹草,Choulingdancao,,
Lagotidis Herba,,홍련,洪連,洪连,Honglian,,
Laminariae Japonicae Thallus,,곤포,昆布,昆布,Kunbu,,
Lamiophlomis Herba,,독일미,獨一味,独一味,Duyiwei,,
Lasiosphaera Seu Calvatia,,마발,馬勃,马勃,Mabo,,
Leonuri Herba,Leonurus Herb,익모초,益母草,益母草,Yimucao,ヤクモソウ,益母草
Leonuri Semen,Motherwort Seed,충위자,茺蔚子,茺蔚子,Chongweizi,,
Lepidii Seu Descurainiae Semen,,정력자,葶藶子,葶苈子,Tinglizi,,
Ligustici Tenuissimi Rhizoma Et Radix,,고본,藁本,蒿本,Haoben,コウホン,藁本
Ligustri Fructus,Ligustrum Fruit,여정실,女貞實,女贞子,Nüzhenzi,,
Lilii Bulbus,,백합,百合,百合,Baihe,ビャクゴウ,百合
Linderae Radix,Lindera Root,오약,烏藥,乌药,Wuyao,ウヤク,烏薬
Linderae Ramulus,,황매목,黃梅木,,,,
Lini Semen,Linseed,아마인,亞麻仁,亚麻子,Yamazi,,
Liquidambaris Fructus,,노로통,路路通,路路通,Lulutong,,
Liquidambaris Resina,,풍향지,楓香脂,枫香脂,Fengxiangzhi,,
Liquidambaris Storax,,소합향,蘇合香,苏合香,Suhexiang,,
Liriopes Radix,,산맥동,山麥冬,山麦冬,Shanmaidong,,
Liriopis Seu Ophiopogonis Tuber,Liriope Tuber,맥문동,麥門冬,麦冬,Maidong,バクモンドウ,麦門冬
Litchi Semen,,여지핵,荔枝核,荔枝核,Lizhihe,,
Lithospermi Radix,Lithospermum Root,자근,紫根,紫草,Zicao,シコン,紫根
Lobeliae Chinensis Herba,,반변련,半邊蓮,半边莲,Banbianlian,,
Longan Arillus,Longan Arillus,용안육,龍眼肉,龙眼肉,Longyanrou,リュウガンニク,竜眼肉
Lonicerae Flos,,산은화,山銀花,山银花,Shanyinhua,,
Lonicerae Folium Et Caulis,Lonicera Leaf and Stem,인동,忍冬,忍冬藤,Rendongteng,ニンドウ,忍冬
Lonicerae Japonicae Flos,Lonicera Flower,금은화,金銀花,金银花,Jinyinhua,キンギンカ,金銀花
Lophatheri Herba,,담죽엽,淡竹葉,淡竹叶,Danzhuye,,
Loranthi Ramulus Et Folium,,상기생,桑寄生,桑寄生,Sangjisheng,,
Luffae Fructus Retinervus,,사과락,絲瓜絡,丝瓜络,Sigualuo,,
Lumbricus,,지룡,地龍,地龙,Dilong,ジリュウ,地竜
Lycii Folium,Lycium Leaf,구기엽,枸杞葉,,,クコヨウ,枸杞葉
Lycii Fructus,Lycium Fruit,구기자,枸杞子,枸杞子,Gouqizi,クコシ,枸杞子
Lycii Radicis Cortex,Lycium Root Bark,지골피,地骨皮,地骨皮,Digupi,ジコッピ,地骨皮
Lycopi Herba,Lycopus Herb,택란,澤蘭,泽兰,Zelan,,
Lycopodii Herba,,신근초,伸筋草,伸筋草,Shenjincao,,
Lysimachiae Herba,,금전초,金錢草,金钱草,Jinqiancao,,
Lysionoti Herba,,석적란,石吊蘭,石吊兰,Shidiaolan,,
Magnoliae Cortex,Magnolia Bark,후박,厚朴,厚朴,Houpo,コウボク,厚朴
Magnoliae Flos,Magnolia Bud,신이,辛荑,辛夷,Xinyi,シンイ,辛夷
Mahoniae Caulis,,공로목,功勞木,功劳木,Gonglaomu,,
Malvae Fructus,,동규자,冬葵子,冬葵果,Dongkuiguo,,
Mantidis Ootheca,,상표초,桑螵蛸,桑螵蛸,Sangpiaoxiao,,
Margarita,Pearl,진주,珍珠,珍珠,Zhenzhu,,
Margaritifera Concha,,진주모,珍珠母,珍珠母,Zhenzhumu,,
Marsdeniae Tenacissimae Caulis,,통관등,通關藤,通关藤,Tongguanteng,,
Massa Medicata Fermentata,,신곡,神麯,神曲,Shenqu,,
Maydis Stigma,,옥촉서예,玉蜀黍蕊,玉米须,,,
Mel,Honey,봉밀,蜂蜜,蜂蜜,Fengmi,ハチミツ,蜂蜜
Melandrii Herba,,왕불류행,王不留行,王不留行,Wangbuliuxing,,
Meliae Cortex,,고련피,苦楝皮,苦楝皮,Kulianpi,,
Meliae Fructus,Chinaberry,천련자,川楝子,川楝子,Chuanlianzi,センレンシ,川楝子
Melo Semen,,첨과자,甜瓜子,甜瓜子,Tianguazi,,
Menispermi Rhizoma,,북두근,北豆根,北豆根,Beidougen,,
Menthae Herba,Mentha Herb,박하,薄荷,薄荷,Bohe,ハッカ,薄荷
Microctis Folium,,포사엽,布渣葉,布渣叶,Buzhaye,,
Mirabilitum Praeparatum,,서과상,西瓜霜,西瓜霜,Xiguashuang,,
Momordicae Semen,,목별자,木鼈子,木鳖子,Mubiezi,,
Mori Folium,,상엽,桑葉,桑叶,Sangye,,
Mori Fructus,,상심자,桑椹子,桑椹,Sangshen,,
Mori Radicis Cortex,Mulberry Root Bark,상백피,桑白皮,桑白皮,Sangbaipi,ソウハクヒ,桑白皮
Mori Ramulus,,상지,桑枝,桑枝,Sangzhi,,
Morindae Radix,Morinda Root,파극천,巴戟天,巴戟天,Bajitian,,
Moschus,Musk,사향,麝香,麝香,Shexiang,,
Moutan Radicis Cortex,Moutan Root Bark,목단피,牡丹皮,牡丹皮,Mudanpi,ボタンピ,牡丹皮
Mume Flos,,매화,梅花,梅花,Meihua,,
Mume Fructus,Mume Fruit,오매,烏梅,乌梅,Wumei,ウバイ,烏梅
Murrayae Folium Et Cacumen,,구리향,九里香,九里香,Jiulixiang,,
Myristicae Semen,Nutmeg,육두구,肉豆蔲,肉豆蔻,Roudoukou,ニクズク,肉豆䓻
Myrrha,Myrrh,몰약,沒藥,没药,Moyao,,
Myrtilli Fructus,Bilberry Fruit,빌베리,黑果越桔,,,,
Nardostachyos Radix Et Rhizoma,,감송향,甘松香,甘松,Gansong,,
Nardotidis Seu Sulculii Concha,,석결명,石決明,石决明,Shijueming,,
Nelumbinis Folium,,하엽,荷葉,荷叶,Heye,,
Nelumbinis Plumula,,연자심,蓮子心,莲子心,Lianzixin,,
Nelumbinis Receptaculum,,연방,蓮房,莲房,Lianfang,,
Nelumbinis Rhizomatis Nodus,,우절,藕節,藕节,Oujie,,
Nelumbinis Semen,Nelumbo Seed,연자육,蓮子肉,莲子,Lianzi,レンニク,蓮肉
Nelumbinis Stamen,,연수,蓮鬚,莲须,Lianxu,,
Nigellae Semen,,흑종초자,黑種草子,黑种草子,Heizhongcaozi,,
Notoginseng Radix Et Rhizoma,,삼칠,三七,三七,Sanqi,サンシチニンジン,三七人参
Oldenlandiae Diffusae Herba,,백화사설초,白花蛇舌草,白花蛇舌草,,,
Oleum Arachidis,Peanut Oil,낙화생유,落花生油,,,ラッカセイ油,
Oleum Eucalypti,,안엽,桉葉,,,ユーカリ油,
Oleum Menthae Japonicae,Mentha Oil,박하유,薄荷油,,,ハッカ油,薄荷油
Olibanum,,유향,乳香,乳香,Ruxiang,,
Omphalia,,뇌환,雷丸,雷丸,Leiwan,,
Onion,,양총,洋葱,洋葱,,,
Oregano,,우지,牛至,牛至,,,
Orobanchis Herba,,열당,列當,,,,
Orostachydis Herba,,와송,瓦松,瓦松,Wasong,,
Oroxyli Semen,,목호접,木蝴蝶,木蝴蝶,Muhudie,,
Oryzae Rhizoma Et Radix,,나도근,糯稻根,,,,
Osterici Seu Notopterygii Radix Et Rhizoma,Ostericum Root,강활,羌活,羌活,Qianghuo,キョウカツ,羌活
Paeoniae Radix,Peony Root,작약,芍藥,白芍 赤芍,Baishao Chishao,シャクヤク,芍薬
Panacis Japonici Rhizoma,,죽절삼,竹節參,竹节参,Zhujieshen,チクセツニンジン,竹節人参
Panacis Majoris Rhizoma,,주자삼,珠子參,珠子参,Zhuzishen,,
Panacis Quinquefolii Radix,American ginseng,서양삼,西洋參,西洋参,Xiyangshen,,
Papaveris Pericarpium,,앵속각,罌粟殼,罂粟壳,Yingsuqiao,,
Paridis Rhizoma,,중루,重樓,重楼,Chonglou,,
Patriniae Radix,,패장,敗醬,败酱草,Baijiangcao,,
Perillae Caulis,,자소경,紫蘇梗,紫苏梗,Zisugeng,,
Perillae Folium,Perilla Leaf,자소엽,紫蘇葉,紫苏叶,Zisuye,ソヨウ,紫蘇葉
Perillae Fructus,Perilla Fruit,자소자,紫蘇子,紫苏子,Zisuzi,シソシ,紫蘇子
Perillae Japonicae Semen,,임자,荏子,,,,
Periplocae Cortex,,향가피,香加皮,香加皮,Xiangjiapi,,
Persicae Semen,Peach Kernel,도인,桃仁,桃仁,Taoren,トウニン,桃仁
Peucedani Japonici Radix,,식방풍,植防風,,,,
Peucedani Radix,,전호,前胡,前胡 紫花前胡,Qianhu Zihuaqianhu,ゼンコ,前胡
Pharbitidis Semen,Pharbitis Seed,견우자,牽牛子,牵牛子,Qianniuzi,ケンゴシ,牽牛子
Phellodendri Cortex,Phellodendron Bark,황백,黃柏,黄柏 关黄柏,Huangbo Guanhuangbo,オウバク,黄柏
Phlomidis Radix,,한속단,韓續斷,,,,
Phragmitis Rhizoma,,노근,蘆根,芦根,Lugen,,
Phyllanthi Fructus,,여감자,餘甘子,余甘子,Yuganzi,,
Phyllostachyos Caulis In Taeniam,,죽여,竹茹,竹茹,Zhuru,チクジョ,"竹筎, 竹茹"
Physalis Calyx Seu Fructus,,금등롱,錦燈籠,锦灯笼,Jindenglong,,
Physochlainae Radix,,화산삼,華山參,华山参,Huashanshen,,
Phytolaccae Radix,,상륙,商陸,商陆,Shanglu,,
Picrasmae Lignum,Picrasma Wood,고목,苦木,苦木,Kumu,ニガキ,
Picriae Herba,,고현삼,苦玄參,苦玄参,Kuxuanshen,,
Picrorhizae Rhizoma,,호황련,胡黃蓮,胡黄连,Huhuanglian,,
Pinelliae Rhizoma Praeparatum Cum Alumine,,청반하,清半夏,淸半夏,Qingbanxia,,
Pinelliae Rhizoma Praeparatum Cum Zingibere Et Alumine,,강반하,薑半夏,薑半夏,Jiangbanxia,,
Pinelliae Tuber,Pinellia Tuber,반하,半夏,半夏,Banxia,ハンゲ,半夏
Pini Folium,,송엽,松葉,鲜松叶,,,
Pini Koraiensis Semen,,해송자,海松子,,,,
Pini Pollen,,송화분,松花粉,松花粉,Songhuafen,,
Piperis Kadsurae Caulis,,해풍등,海風藤,海风藤,Haifengteng,,
Piperis Longi Fructus,,필발,蓽撥,荜茇,Bibo,,
Piperis Nigri Fructus,Black pepper,후추,胡椒,胡椒,Hujiao,,
Plantaginis Herba,,차전초,車前草,车前草,Cheqiancao,シャゼンソウ,車前草
Plantaginis Semen,Plantago Seed,차전자,車前子,车前子,Cheqianzi,シャゼンシ,車前子
Platycodonis Radix,Platycodon Root,길경,桔梗,桔梗,Jiegeng,キキョウ,
Pogostemonis Herba,Pogostemon Herb,광곽향,廣藿香,广藿香,Guanghuoxiang,カッコウ,藿香
Polygalae Japonicae Herba,,과자금,瓜子金,瓜子金,Guazijin,,
Polygalae Radix,Polygala Root,원지,遠志,远志,Yuanzhi,オンジ,遠志
Polygalae Radix Preparata Cum Glycyrrhizae Radix,,원지감초자,遠志甘草煮,,,,
Polygalae Radix Preparata Cum Mel,,원지밀자,遠志蜜炙,,,,
Polygonati Odorati Rhizoma,,옥죽,玉竹,玉竹,Yuzhu,,
Polygonati Rhizoma,Polygonatum Rhizome,황정,黃精,黄精,Huangjing,オウセイ,黄精
Polygoni Avicularis Herba,,편축,萹蓄,萹蓄,Bianxu,,
Polygoni Cuspidati Rhizoma Et Radix,,호장근,虎杖根,虎杖,Huzhang,,
Polygoni Multiflori Caulis,,수오등,首烏藤,首乌藤,Shouwuteng,,
Polygoni Multiflori Radix,Polygonum Multiflorum Root,하수오,何首烏,何首乌,Heshouwu,カシュウ,何首烏
Polygoni Multiflori Radix Praeparata,,제하수오,制何首烏,制何首乌,Zhiheshouwu,,
Polygoni Orientalis Fructus,,수홍화자,水紅花子,水红花子,Shuihonghuazi,,
Polygoni Perfoliati Herba,,강판귀,扛板歸,杠板归,Gangbangui,,
Polyporus,Polyporus Sclerotium,저령,猪苓,猪苓,Zhuling,チョレイ,猪苓
Ponciri Fructus Immaturus,Poncirus Immature Fruit,지실,枳實,枳实,Zhishi,キジツ,枳実
Poria Sclerotium,Poria,복령,茯苓,茯苓,Fuling,ブクリョウ,茯苓
Poria Sclertum Cum Pini Radix,,복신,茯神,茯神,,,
Poriae Cutis,,복령피,茯苓皮,茯苓皮,Fulingpi,,
Portulacae Herba,,마치현,馬齒莧,马齿苋,Machixian,,
Potentillae Discoloris Herba,,번백초,翻白草,翻白草,Fanbaicao,,
Potentillae Herba,,위릉채,委陵菜,委陵菜,Weilingcai,,
Propolis,,봉교,蜂膠,蜂胶,Fengjiao,,
Prunellae Spica,Prunella Spike,하고초,夏枯草,夏枯草,Xiakucao,カゴソウ,夏枯草
Pruni Japonicae Semen,,욱리인,郁李仁,郁李仁,Yuliren,,
Prunus Bark,,앵피,櫻皮,,,オウヒ,桜皮
Psammosilenes Radix,,금철쇄,金鐵鎖,金铁锁,Jintiesuo,,
Pseudolaricis Cortex,,토형피,土荊皮,土荆皮,Tujingpi,,
Pseudostellariae Radix,,태자삼,太子參,太子参,Taizishen,,
Psoraleae Semen,,보골지,補骨脂,补骨脂,Buguzhi,,
Pterocephali Herba,,익수초,翼首草,翼首草,Yishoucao,,
Puerariae Flos,Pueraria Flower,갈화,葛花,,,,
Puerariae Radix,Pueraria Root,갈근,葛根,葛根,Gegen,カッコン,葛根
Puerariae Thomsonii Radix,,분갈,粉葛,粉葛,Fenge,,
Pulsatillae Radix,,백두옹,白頭翁,白头翁,Baitouweng,,
Pyrolae Herba,,녹제초,鹿蹄草,鹿衔草,Luxiancao,,
Pyrrosiae Folium,,석위,石韋,石韦,Shiwei,,
Quercus Cortex,,박속,樸樕,,,ボクソク,樸樕
Quisqualis Fructus,,사군자,使君子,使君子,Shijunzi,,
Rabdosiae Rubescentis Herba,,동릉초,冬淩草,冬凌草,Donglingcao,,
Ranae Oviductus,,합마유,哈蟆油,哈蟆油,Hamayou,,
Ranunculi Ternati Radix,,묘조초,猫爪草,猫爪草,Maozhaocao,,
Raphani Semen,Raphanus Seed,내복자,萊菔子,莱菔子,Laifuzi,,
Rauwolfia Radix,,인도사목,印度蛇木,,,,
Rehmanniae Radix,Rehmannia Root,지황,地黃,地黄,Dihuang,ジオウ,地黄
Rehmanniae Radix Preparata,Prepared Rehmannia Root,숙지황,熟地黃,熟地黄,Shudihuang,,
Rhapontici Radix,,누로,漏蘆,漏芦,Loulu,,
Rhei Radix Et Rhizoma,Rhubarb,대황,大黃,大黄,Dahuang,ダイオウ,大黄
Rhei Rhizoma Carbonisatum,,대황초탄,大黃炒炭,,,,
Rhei Rhizoma Preparata Cum Vinum,,대황주증,大黃酒蒸,,,,
Rhei Undulatai Rhizoma,Undulatum Rhubarb,종대황,種大黃,,,,
Rhodiolae Crenulatae Radix Et Rhizoma,,홍경천,紅景天,红景天,Hongjingtian,,
Rhododendri Daurici Folium,,만산홍,滿山紅,满山红,Manshanhong,,
Rhododendri Mollis Flos,,요양화,鬧羊花,闹羊花,Naoyanghua,,
Rhois Vernicifluae Cortex,,칠피,漆皮,,,,
Ricini Semen,,피마자,蓖麻子,蓖麻子,Bimazi,,
Rosae Chinensis Flos,,월계화,月季花,月季花,Yuejihua,,
Rosae Laevigatae Fructus,Rosa Fruit,금앵자,金櫻子,金樱子,Jinyingzi,,
Rosae Laevigatae Radix,,금앵근,金櫻根,金樱根,,,
Rosae Multiflorae Fructus,,영실,營實,,,エイジツ,営実
Rosae Rugosae Flos,,매괴화,玫瑰花,玫瑰花,Meiguihua,,
Rosin,,송지,松脂,,,ロジン,
Rubi Fructus,Rubus Fruit,복분자,覆盆子,覆盆子,Fupenzi,,
Rubiae Radix,Madder Root,천초근,茜草根,茜草,Qiancao,,
Rumecis Radix,,양제근,羊蹄根,,,,
Salviae Miltiorrhizae Radix,Salvia Miltiorrhiza Root,단삼,丹參,丹参,Danshen,タンジン,丹参
Sambuci Lignum,,접골목,接骨木,接骨木,,,
Sanguisorbae Radix,,지유,地楡,地楡,Diyu,,
Santali Albi Lignum,,백단향,白檀香,檀香,Tanxiang,,
Santalini Lignum Rubrum,Red Sandal Wood,자단향,紫檀香,紫檀香,,,
Saposhnikoviae Radix,Saposhnikovia Root,방풍,防風,防风,Fangfeng,ボウフウ,防風
Sappan Lignum,Sappan Wood,소목,蘇木,苏木,Sumu,ソボク,蘇木
Sarcandrae Herba,,종절풍,腫節風,肿节风,Zhongjiefeng,,
Sargassum,,해조,海藻,海藻,Haizao,,
Sargentodoxae Caulis,,대혈등,大血藤,大血藤,Daxueteng,,
Saururi Herba,,삼백초,三白草,三白草,Sanbaicao,,
Saussureae Involucratae Herba,,천산설련,天山雪蓮,天山雪莲,Tianshanxuelian,,
Saxifragae Herba,,호이초,虎耳草,,,,
Scapharcae Seu Tegillarcae Concha,,와릉자,瓦楞子,瓦楞子,Walengzi,,
Schisandrae Fructus,Schisandra Fruit,오미자,五味子,五味子,Wuweizi,ゴミシ,五味子
Schisandrae Sphenantherae Fructus,,남오미자,南五味子,南五味子,Nanwuweizi,,
Schizonepetae Spica,Schizonepeta Spike,형개,荊芥,荆芥 荆芥穗,Jingjie Jingjiesui,ケイガイ,
Schizonepetae Spica Carbonisatum,,형개초탄,荊芥炒炭,荆芥炭 荆芥穗炭,Jingjietan Jingjiesuitan,,
Scolopendra,,오공,蜈蚣,蜈蚣,Wugong,,
Scopoliae Rhizoma,Scopolia Rhizome,낭탕근,莨菪根,,,ロートコン,
Scorpio,,전갈,全蝎,全蝎,Quanxie,,
Scrophulariae Radix,Scrophularia Root,현삼,玄參,玄参,Xuanshen,ゲンジン,玄参
Scutellariae Barbatae Herba,,반지련,半枝蓮,半枝莲,Banzhilian,,
Scutellariae Radix,Scutellaria Root,황금,黃芩,黄芩,Huangqin,オウゴン,黄芩
Sedi Herba,,수분초,垂盆草,垂盆草,Chuipencao,,
Selaginellae Herba,,권백,卷柏,卷柏,Juanbai,,
Senecionis Scandentis Hebra,,천리광,千裏光,千里光,Qianliguang,,
Senegae Radix,Senega,세네가,,,,セネガ,
Sennae Folium,Senna Leaf,번사엽,番瀉葉,番泻叶,Fanxieye,センナ,
Serpentis Fel,,사담,蛇膽,蛇胆汁,,,
Sesami Semen Nigra,,흑지마,黑脂麻,黑芝麻,Heizhima,ゴマ,胡麻
Siegesbeckiae Herba,,희렴,豨薟,豨莶草,Xixiancao,,
Siegesbeckiae Herba Preparata Cum Vinum,,희렴주증,豨薟酒蒸,,,,
Silybi Fructus,,수비계,水飛薊,水飞蓟,Shuifeiji,,
Sinomeni Caulis Et Rhizoma,Sinomenium Stem and Rhizome,방기,防己,防己 青风藤,Fangji Qingfengteng,ボウイ,防已
Sinopodophylli Fructus,,소엽련,小葉蓮,小叶莲,Xiaoyelian,,
Siphonostegiae Herba,,북유기노,北劉寄奴,北刘寄奴,Beiliujinu,,
Siraitiae Fructus,,나한과,羅漢果,罗汉果,Luohanguo,,
Smilacis Rhizoma,,토복령,土茯苓,土茯苓 菝葜,Tufuling Baqia,サンキライ,山帰来
Solani Nigri Herba,,용규,龍葵,龙葵,,,
Solidaginis Herba,,일지황화,一枝黃花,一枝黄花,Yizhihuanghua,,
Sophorae Flos,Sophora Flower,괴화,槐花,槐花,Huaihua,カイカ,槐花
Sophorae Fructus,,괴각,槐角,槐角,Huaijiao,,
Sophorae Radix,Sophora Root,고삼,苦參,苦参,Kushen,クジン,苦参
Sophorae Tonkinensis Radix Et Rhizoma,,산두근,山豆根,山豆根,Shandougen,サンズコン,山豆根
Sparganii Rhizoma,Sparganium Rhizome,삼릉,三棱,三棱,Sanleng,,
Spatholobi Caulis,,계혈등,鷄血藤,鸡血藤,Jixueteng,,
Spirodelae Herba,,부평,浮萍,浮萍,Fuping,,
Stauntoniae Caulis Et Folium,,야목과,野木瓜,野木瓜,Yemugua,,
Stellariae Seu Gypsophilae Radix,,은시호,銀柴胡,银柴胡,Yinchaihu,,
Stemonae Radix,,백부근,白部根,百部,Baibu,,
Sterculiae Lychnophorae Semen,,반대해,胖大海,胖大海,Pangdahai,,
Stichopus,Sea cucumber,해삼,海蔘,,,,
Strychni Ignatii Semen,,보두,寶豆,,,,
Strychni Semen,Nux Vomica,마전자,馬錢子,马钱子,Maqianzi,ホミカ,
Suis Fel,Pig bile,저담,猪膽,猪胆粉,Zhudanfen,,
Swertiae Herba,Swertia Herb,당약,當藥,当药,Dangyao,センブリ,
Swertiae Mileensis Herba,,청엽담,靑葉膽,青叶胆,Qingyedan,,
Syngnathus,,해룡,海龍,海龙,Hailong,,
Syzygii Flos,Clove,정향,丁香,丁香,Dingxiang,チョウジ,丁子
Tabanus,,맹충,虻蟲,虻虫,,,
Tamarics Cacumen,,정류,檉柳,西河柳,Xiheliu,,
Taraxaci Herba,Dandelion,포공영,蒲公英,蒲公英,Pugongying,,
Terminaliae Fructus,Terminalia Fruit,가자,訶子,诃子,Hezi,カシ,訶子
Terminalliae Belliricae Fructus,,모가자,毛訶子,毛诃子,Maohezi,,
Thlaspi Herba,,석명,菥蓂,菥蓂,Ximing,,
Thujae Orientalis Folium,,측백엽,側柏葉,侧柏叶,Cebaiye,,
Thymi Herba,Thyme,사향초,麝香草,,,,
Tinosporae Radix,,금과람,金果欖,金果榄,Jinguolan,,
Torreyae Semen,,비자,榧子,榧子,Feizi,,
Trachelospermi Caulis,,낙석등,絡石藤,络石藤,Luoshiteng,,
Trachycarpi Petiolus,,종려피,棕櫚皮,棕榈,Zonglü,,
Tragacantha,Tragacanth,트라가칸타,,,,トラガント,
Tribuli Fructus,Tribulus Fruit,질려자,蒺藜子,蒺藜,Jili,シツリシ,蒺蔾子
Trichosanthis Fructus,,과루,瓜蔞,瓜蒌,Gualou,,
Trichosanthis Pericarpium,,과루피,瓜蔞皮,瓜蒌皮,Gualoupi,,
Trichosanthis Radix,Trichosanthes Root,괄루근,栝樓根,天花粉,Tianhuafen,カロコン,栝楼根
Trichosanthis Semen,Trichosanthes Seed,괄루인,栝樓仁,瓜蒌子,Gualouzi,カロニン,栝楼仁
Trigonellae Semen,,호로파,胡蘆巴,胡芦巴,Huluba,,
Trogopterorum Faeces,,오령지,五靈脂,五灵脂,Wulingzhi,,
Turpiniae Folium,,산향원엽,山香圓葉,山香圆叶,Shanxiangyuanye,,
Typhae Pollen,Cat-tail,포황,蒲黃,蒲黄,Puhuang,,
Ulmi Cortex,,유백피,楡白皮,,,,
Uncariae Ramulus Cum Uncus,,조구등,釣鉤藤,钩藤,Gouteng,チョウトウコウ,釣藤鉤
Ursi Fel,,웅담,熊膽,熊胆粉,,ユウタン,熊胆
Uvae Ursi Folium,Bearberry Leaf,웅과엽,熊果葉,,,ウワウルシ,
Valerianae Jatamansi Rhizoma Et Radix,,지주향,蜘蛛香,蜘蛛香,Zhizhuxiang,,
Valerianae Radix Et Rhizoma,Valerian Root and Rhizome,길초근,吉草根,,,カノコソウ,
Veratri Rhizoma Et Radix,,여로,藜蘆,,,,
Verbenae Herba,,마편초,馬鞭草,马鞭草,Mabiancao,,
Vespae Nidus,,노봉방,露蜂房,蜂房,Fengfang,,
Vignae Angularis Semen,,적소두,赤小豆,赤小豆,Chixiaodou,,
Violae Herba,,자화지정,紫花地丁,紫花地丁,Zihuadiding,,
Visci Ramulus Et Folium,,곡기생,槲寄生,槲寄生,Hujisheng,,
Viticis Folium,,만형엽,蔓荊葉,蔓荆叶,,,
Viticis Fructus,Vitex Fruit,만형자,蔓荊子,蔓荆子,Manjingzi,マンケイシ,"蔓荆子, 蔓荊子"
Viticis Negundo Folium,,모형엽,牡荊葉,牡荆叶,Mujingye,,
Viticis Negundo Fructus,,황형자,黃荊子,黄荆子,,,
Vladimiriae Radix,,천목향,川木香,川木香,Chuanmuxiang,,
Xanthii Fructus,Xanthium Fruit,창이자,蒼耳子,苍耳子,Cang&#039;erzi,,
Zanthoxyli Pericarpium,Zanthoxylum Peel,산초,山椒,花椒,Huajiao,サンショウ ショクショウ,山椒 蜀椒
Zanthoxyli Radix,,양면침,兩面針,两面针,Liangmianzhen,,
Zingiberis Rhizoma,Ginger,건강,乾薑,干姜,Ganjiang,カンキョウ,乾姜
Zingiberis Rhizoma Carbonisatum,,건강초탄,乾薑炒炭,,,,
Zingiberis Rhizoma Praeparatum,,포강,炮薑,,,,
Zingiberis Rhizoma Recens,Raw Ginger,생강,生薑,生姜,Shengjiang,ショウキョウ,生姜
Zizyphi Fructus,Jujube,대조,大棗,大枣,Dazao,タイソウ,大棗
Zizyphi Semen,Zizyphus Seed,산조인,酸棗仁,酸枣仁,Suanzaoren,サンソウニン,酸棗仁
Zosterae Herba,,해대,海帶,,,,
